-- MySQL dump 10.13  Distrib 8.0.15, for macos10.14 (x86_64)
--
-- Host: localhost    Database: j2ee
-- ------------------------------------------------------
-- Server version	8.0.16

/*!40101 SET @OLD_CHARACTER_SET_CLIENT=@@CHARACTER_SET_CLIENT */;
/*!40101 SET @OLD_CHARACTER_SET_RESULTS=@@CHARACTER_SET_RESULTS */;
/*!40101 SET @OLD_COLLATION_CONNECTION=@@COLLATION_CONNECTION */;
 SET NAMES utf8 ;
/*!40103 SET @OLD_TIME_ZONE=@@TIME_ZONE */;
/*!40103 SET TIME_ZONE='+00:00' */;
/*!40014 SET @OLD_UNIQUE_CHECKS=@@UNIQUE_CHECKS, UNIQUE_CHECKS=0 */;
/*!40014 SET @OLD_FOREIGN_KEY_CHECKS=@@FOREIGN_KEY_CHECKS, FOREIGN_KEY_CHECKS=0 */;
/*!40101 SET @OLD_SQL_MODE=@@SQL_MODE, SQL_MODE='NO_AUTO_VALUE_ON_ZERO' */;
/*!40111 SET @OLD_SQL_NOTES=@@SQL_NOTES, SQL_NOTES=0 */;

--
-- Dumping data for table `answer`
--

LOCK TABLES `answer` WRITE;
/*!40000 ALTER TABLE `answer` DISABLE KEYS */;
INSERT INTO `answer` VALUES (7,37,'31401366',1557793157,'为什么点击收藏，出现的是回答界面',0),(9,35,'31601081',1557793444,'#### 已知BUG2：\n在屏幕宽度介于xs和md之间的Markdown编辑器不显示。（预计今天热更新修复）',0),(10,39,'31401366',1557793605,'jsonp方法，cors方法，代理请求方法。',0),(12,39,'31602402',1557793672,'可以通过`ProxyTable`解决 ',0),(15,44,'31401366',1557794007,' [阮一峰跨域资源共享CORS详解](http://www.ruanyifeng.com/blog/2016/04/cors.html)\n[ajax最全解决方案](https://segmentfault.com/a/1190000012469713)\n',0),(17,47,'31601115',1557794119,'比如说A表的a数值减少的同时要让B表的a数值增加\n就设置个事务能支持rollback让两个操作能都执行或都不执行。',0),(27,68,'J05025',1557796975,'Flash基本已经被淘汰，不用考虑Flash了；而且Flash本身不应该和Ajax比较，而是和基于JavaScript的动态技术进行比较。',0),(28,58,'J05025',1557797115,'现代浏览器对Ajax的支持已经是基本配备；而且安全问题主要看程序设计而不是是否使用Ajax；\nAjax是现代前端的基石，已经没有不适合的问题；',0),(29,52,'J05025',1557797267,'vue,react基本设计思路都是视图的组件化和逻辑界面分离；在组件化（从代码设计的角度）方面react更优秀，vue在界面分离上更友好；入门都不算复杂，大多数人认为vue稍许容易一些；',0),(115,96,'31601081',1557800792,'发送方设置编码格式为UTF-8即可。或者让接收方将unicode转中文。',3),(120,96,'J05025',1557803538,'楼上正确，建议所有编码全部统一为UTF-8',0),(121,59,'31601081',1557811805,'1. 修改Mysql配置文件，增大Mysql的最大连接数\n2. 优化SSM框架的结构，避免连接池重复创建\n3. 考虑在下一个版本中增加redis缓存以减少对Mysql数据库的访问\n\n部署后后端崩溃了一次，原因是有些人刷新了1000+次，导致了Mysql的访问过多。\n',0),(123,42,'31601081',1557812799,'移动端很少人会进行大量文字输入以及Markdown的书写。所以特意隐藏了Markdown的其它按钮。否则会显示3-4行基本不会点的按钮。',0),(124,35,'31601217',1557830638,'看看现在几点钟',1),(125,97,'31601081',1558342808,'### 解决方案分享\n1. 重复创建连接池\n按书本正确配置`web.xml`即可。不要在项目中直接使用下述语句\n```java\nnew ClassPathXmlApplicationContext(\'applicationContext.xml\')\n```\n2. Spring事务注解不起作用\n在配置Spring MVC和Spring的配置文件中，扫描类的时候分别过滤`Service`和`Controller`\nSpring和SpringMVC俩个容器为父子关系，Spring为父容器，而SpringMVC为子容器。也就是说application.xml中应该负责扫描除@Controller的注解如@Service，而SpringMVC的配置文件应该只负责扫描@Controller，否则会产生重复扫描导致Spring容器中配置的事务失效。\n\n3. Windows开发环境时间显示正常，Linux下时间显示异常\nWindows系统安装时，在主板中储存的是所在时区的时间，而Linux系统则是在主板中储存UTC时间，Linux系统时间是通过配置时区后在系统显示时计算时区带来的时差。所以在开发项目的时候，如果在Windows电脑下，Java将时间戳转换为标准时是正常的北京时间，而部署到Linux服务器上后，Java转换时会以UTC的时间进行转换，就会少8小时。\n安装Windows和Linux双系统的同学应该会有体验，安装了Linux后，Windows系统的时间会慢8小时。\n',0),(126,97,'31601081',1558361162,'#### Vue router 无法响应相同路由下的参数改变，如`question/35 ->question/36`\n解决方法：通过watch监听router的参数，并重新初始化页面的参数。',0),(127,35,'31601081',1558886167,'#### 已知BUG3：\nVue router 无法响应相同路由下的参数改变，如question/35 ->question/36(解决方案见[经验分享](http://10.66.28.177/#/question/97)，已通过热更新修复)\n',0),(136,35,'31601081',1559001973,'#### 已知BUG4：\n部分分辨率下滚动事件触发异常。',0),(137,102,'31601162',1559002392,'如果是基于es在做的，这是比较好实现的',0),(138,100,'J05025',1559004732,'Session是一种用户数据的维持机制，Http Session是web服务器（Java ee服务器）实现的维持机制；spring session是spring维持的机制，spring也可能利用底层的http session来维持。\n参考https://spring.io/projects/spring-session',0),(139,101,'J05025',1559005089,'BeanFactory是ApplicationContext的父接口之一，BeanFactory定义了Spring作为Bean创建者的基本行为，而ApplicationContext不仅是一种BeanFactory而且还包括了使用Spring的其他很多特性；\n参考[官方描述](https://docs.spring.io/spring-framework/docs/current/javadoc-api/org/springframework/context/ApplicationContext.html)\n\n>Central interface to provide configuration for an application. This is read-only while the application is running, but may be reloaded if the implementation supports this.\nAn ApplicationContext provides:\nBean factory methods for accessing application components. Inherited from ListableBeanFactory.\nThe ability to load file resources in a generic fashion. Inherited from the ResourceLoader interface.\nThe ability to publish events to registered listeners. Inherited from the ApplicationEventPublisher interface.\nThe ability to resolve messages, supporting internationalization. Inherited from the MessageSource interface.\nInheritance from a parent context. Definitions in a descendant context will always take priority. This means, for example, that a single parent context can be used by an entire web application, while each servlet has its own child context that is independent of that of any other servlet.\nIn addition to standard BeanFactory lifecycle capabilities, ApplicationContext implementations detect and invoke ApplicationContextAware beans as well as ResourceLoaderAware, ApplicationEventPublisherAware and MessageSourceAware beans.',0),(140,104,'J05025',1559005243,'这个问题过于宽泛，没有针对性\n基本的Http的服务的多线程是底层比如Tomcat服务器来提供了\n线程之间如果需要同步或者访问公共资源，之间是否安全是程序员自己保障的',0),(141,122,'J05025',1559005355,'cookies是一种浏览器保存数据的机制；\nsession是服务追踪特定用户访问状态的机制；\n它们是两种完全不同的东西，有的时候服务器用cookies来实现session数据的追踪机制',0),(142,123,'J05025',1559005370,'看你喜欢',0),(143,120,'J05025',1559005494,'[参考说明](https://www.tutorialspoint.com/spring/spring_bean_scopes.htm)\n核心就是作用域定义了bean的生命周期',0),(144,119,'J05025',1559005562,'下面有一个一样的问题我已经回答\n[参考官方说明](https://docs.spring.io/spring-framework/docs/current/javadoc-api/org/springframework/context/ApplicationContext.html)',0),(145,117,'J05025',1559005594,'类型不兼容，强制类型转换失败',0),(146,116,'J05025',1559005829,'三层架构大致是指前端，逻辑和数据访问分离，如果一定要比较，三层架构基本可以视为MVC中M和C的一种深入设计',0),(147,115,'J05025',1559005855,'不是使用MyBatis了吗',0),(148,114,'J05025',1559005904,'如果程序不崩溃的话',0),(149,113,'J05025',1559006075,'可以考虑将数据放入session里面，当然如果要带数据回视图，可以用ModelAndView更好；注意我当你说的视图是服务器端的视图生成技术（比如jsp）',0),(150,112,'J05025',1559006290,'ApplicationContext是一个接口，有多种实现，比如XmlWebApplicationContext是它的一种实现；\nspring是开源的,可以自行查看源代码',0),(151,111,'J05025',1559006337,'我已经回答过类似问题\n[参考官方文档](https://docs.spring.io/spring-framework/docs/current/javadoc-api/org/springframework/context/ApplicationContext.html)',0),(152,110,'J05025',1559006367,'你需要好好学习JavaScript了',0),(153,109,'J05025',1559006616,'websocket是不限制跨域的\n设计跨域的原因是什么，如果可以尽量不要使用跨域；\n其他信息参考下面的内容\n[跨域资源共享 CORS 详解](http://www.ruanyifeng.com/blog/2016/04/cors.html)',0),(154,108,'J05025',1559006920,'你说的很对，spring就是这样工作的；\n[参考](https://github.com/spring-projects/spring-framework/issues/11326)\n',0),(155,105,'J05025',1559006987,'一言难尽，springMVC发明出来就是替换struts的',0),(156,126,'J05025',1559007099,'把功能，资源访问设计为不同的url\n比如spring mvc拦截\nhttp://host/myapp/service/*\n资源\nhttp://host/myapp/static/xxx',0),(157,125,'J05025',1559007296,'这个没有什么方式的固定说法，Spring是一种实现，google的Guice是一种实现，你也可以实现一个自己的；只要是IoC思想指导下工作就算（框架控制对象生命周期，而不是应用程序员控制对象生命周期）',0),(158,124,'J05025',1559007434,'jsp的css内容无法读取不太好理解是什么意思，读取jsp可以调用css也不太理解是什么意思，可以整理一下思路重新提问',0),(159,127,'J05025',1559007962,'后端返回json数据，前端用vuejs或者reactjs实现就是前后端分离了',0),(160,129,'J05025',1559008063,'[参考说明](https://www.tutorialspoint.com/spring/spring_bean_scopes.htm)\n核心就是作用域定义了bean的生命周期',0),(161,128,'J05025',1559008113,'前端使用ajax访问后端接口获取json数据，然后用js代码更新相应的UI就可以了',0),(162,130,'J05025',1559008296,'返回代码2xx,4xx，5xx都不应该用于应用程序返回；最佳做法是都应该返回正确的200报文，然后在响应的报文中自己定义一个字段，比如叫code,里面来定义此次返回的结果是否业务上正确，js端做出相应的判断；报文举例如下\n```\n{\n   \"code\":\"OK\",\n   \"name\":\"Tom cruise\",\n   \"age\":\"51\"\n}',0),(163,131,'J05025',1559008963,'一般的设计理念是Controller应该是无状态的，所以即使单例模式也是线程安全的。如果设计了一个有状态的Controller本身就应该是有问题的，如果Controller调用的service类是有状态的，需要保障线程安全请使用synchronized进行保护；\n[进一步参考](https://stackoverflow.com/questions/11508405/are-spring-mvc-controllers-singletons)\n',0),(164,132,'J05025',1559009150,'自动装配简单属性是什么意思，是指从报文自动填充值吗？如果是这个功能是有的；参考我们SpringMVC例子的UserController类,自动填充RegisterForm对象\n```java\n@Controller\n@RequestMapping(\"/user\")\npublic class UserController {\n    @Autowired\n    private IUserService userService;\n\n    /**\n     * test data\n     * http://localhost:8080/user/create\n     * {\n     * \"userid\":\"admin\",\n     * \"name\":\"Tom\",\n     * \"password\":\"123456\"\n     * }\n     * @param form\n     * @return\n     */\n    @RequestMapping(value=\"/create\", method = RequestMethod.POST)\n    @ResponseBody\n    public User create(@RequestBody RegisterForm form){\n        User user = new User();\n        user.setName(form.getName());\n        user.setPassword(form.getPassword());\n        user.setUserid(form.getUserid());\n\n        userService.register(user);\n\n        return user;\n    }\n}\n```\n',0),(165,124,'31601081',1559009226,'js等文件存储在WEB-INF文件夹下时需要通过resources映射访问。（WEB-INF是java的WEB应用安全目录，未配置时只能允许服务端访问。）\n```xml\n<mvc:resources mapping=\"/js/**\" location=\"WEB-INF/js/\"/>\n```\n如果是在index.jsp同级目录下无法访问，也可以通过配置resources来解决。\n```xml\n<mvc:resources mapping=\"/js/**\" location=\"/js/\"/>\n```',0),(166,123,'31601084',1559009381,'标准答案：自己百度.jpg',0),(167,128,'31601081',1559012106,'#### 实时推送与更新的话可以考虑使用MQ或WebSocket。\n- MQ：前端作为MQ的消费者订阅MQ的一个或多个主题，后端作为生产者向相应的主题里推送消息即可。\n\n- WebSocket：后端在有数据变化的时候将更新通过Websocket提醒推送到前端已经连接的客户端即可。\n',0),(168,135,'31601081',1559012245,'建议与BUG请去BUG反馈问题下回复，请勿直接作为问题提交。',0),(169,35,'31601081',1559012479,'#### 已知BUG5：\n阅读问题后回到首页会重载数据。\n\n造成原因：由于首页watch了type字段用于判断排序方式的改变，回到首页时会触发watch事件，造成数据重载。',0),(170,138,'31601081',1559023268,'前端和后端可以实现完全分离。通过网络请求进行交互。\n开发环境：\n方案一：前端运行在8088端口，后端运行在8080端口，后端配置允许跨域访问（端口不冲突即可），优点：无需引入其它程序\n方案二：前端运行在8088端口，后端运行在8080端口，使用Nginx反向代理8088端口和8080端口到80端口\n\n生产环境：\n方案一：前端编译后将dist文件夹下的文件复制到后端web目录下，打包为war文件发布（原index.jsp所在位置），缺点：前端无法快速更新，需要重新打包成war包）\n方案二：前端编译后将dist文件夹下的文件复制到Tomcat的webapps/ROOT文件夹下（删除文件夹内的所有原文件，前端的访问路径就是`http://localhost:8080`），后端打包为war放在webapps文件夹下，假设war包名字为`api.war`，后端的访问路径就是`http://localhost:8080/api/`\n\n附本项目的结构图\n![201310.png](api/images/17f03814146143389949fc6bff3f9685.png)',0),(171,35,'31601081',1559026263,'测试',0),(172,35,'31601081',1559791199,'测试消息推送',0),(206,143,'31601217',1577370744,'shia ',0),(207,142,'31601217',1577370756,'shia',0),(208,142,'31601217',1577370769,'?????',0),(209,143,'j05050',1577370889,'阿水淀粉',0),(210,143,'j05050',1577370914,'第三发',0),(211,143,'j05050',1577370930,'苏打粉',0),(212,160,'j05050',1577370936,'苏打粉',0),(213,160,'31601217',1577400200,'![Screenshot 20190927 at 5.30.24 PM.png](api/images/291bb229b45f44f18e28027a726e447c.png)',0),(214,159,'31601217',1577401422,'ok',1),(215,143,'31601217',1577402346,'好啊',0);
/*!40000 ALTER TABLE `answer` ENABLE KEYS */;
UNLOCK TABLES;

--
-- Dumping data for table `question`
--

LOCK TABLES `question` WRITE;
/*!40000 ALTER TABLE `question` DISABLE KEYS */;
INSERT INTO `question` VALUES (35,'31601081',1557751204,'在使用论坛过程中遇到了哪些BUG？','## 欢迎\n首先，欢迎各位使用ZUCC问答论坛。你们可以点击页面底部的版本号查看详细的版本信息，里面有版本的更新说明与Team信息。\n每个人的初始账号和密码都是各自的学号，在第一次登录后请自行修改密码，密码在数据库中采用md5这种不可逆的加密方式。\n\n## BUG收集\n因为三个开发者的能力有限，在各位使用过程中也许会遇到一些奇怪的BUG，请在该问题下回复~如果你知道问题的原因以及如何解决它们，请不要吝啬你的指点。\n\n## 开发时遇到的问题\n在开发这个项目的时候遇到的问题以及它的解决方案。\n\n### Cannot create PoolableConnectionFactory\n最开始的时候前端网页对页面的滚动事件没有做太多的限制，导致了数据库请求频繁，最后出现了`Cannot create PoolableConnectionFactory`的错误。但在前端添加了限制后依旧会出现这个错误。\n\n而造成这个错误的原因则是因为在每个查询接口中，我们都执行了下面的语句：\n```java\nnew ClassPathXmlApplicationContext(\'applicationContext.xml\')\n```\n而每执行一次这个语句，就是重新创建一次连接池，并且Spring所管理的所有bean及其它都重新加载了一次。于是我们的连接池就直接炸了。\r\n\r\n该BUG将在下一个版本修复。\r\n\r\n## 其它的已知BUG\r\n- 时间显示少了8小时（时区问题，下个版本修复）\r\n- 纯数字回复会出现500错误（已通过热更新修复）\r\n- Markdown编辑器在md-xs屏幕宽度区间不显示（已通过热更新修复）\r\n- 首页无法滚动加载全部内容（前端策略问题，已经通过热更新修复）\r\n- 可拖动的滚动条（预计本周内通过热更新修改css样式）',2,272),(36,'J05025',1557754461,'大家觉着这个系统做的怎么样？','看看大家是不是有信心做一个这样的系统',4,41),(37,'31401366',1557792966,'大作业分工可以分前后端吗，还是每个人都需要负责两部分的代码？','（bug:页面窗口在某些宽度，页面显示有问题，点击问题描述，无反应）',3,27),(38,'31601176',1557793151,'有关问题写入的窗口的问题','在看到你们的问题窗口的时候感觉很熟悉，很美观，功能也很齐全，比如字体加粗，下划线等，请问是用的包还是模板，大概实现方式可以讲一下吗。',3,22),(39,'31601115',1557793346,'Ajax禁止跨源请求的问题','如果Ajax的文件和其请求的文件不在同一服务器下，即不能请求成功',4,23),(42,'31601116',1557793492,'大作业需要一个管理员单独的后台管理系统，还是和普通用户共用一个系统？','反馈：在移动端模式下的 markdown 编辑器功能键没有显示完全![捕获.JPG](api/images/6189248e0aef4dcfbc559f22a6e02178.jpeg)',4,26),(44,'31601077',1557793687,'后端如何处理跨域访问 怎么实现token','后端如何处理跨域访问 怎么实现token',0,21),(47,'31601175',1557793917,'大作业问题','一个业务对多张表进行操作是进行什么操作，怎么支持事务',0,6),(48,'31601191',1557794000,'关于前段和后端','在用vue做前端的时候，是如何将后端代码结合在一起的？还是全部在一个vue project中开发所有的东西？',2,43),(52,'31601084',1557794301,'关于vue和react选择方面的问题','vue和react有何异同、以及入门难度。',0,29),(58,'31601121',1557794524,'Ajax的应用方向','既然Ajax具有对浏览器支持较弱、破坏了程序的异常处理机制以及一些安全问题，但同时也具有很多优点，这使得该技术比较适合或者不适合用于哪些方面',1,13),(59,'31601192',1557794553,'大作业问题','想问一下你们采用的避免大量用户访问数据库导致连接池过载的方案是什么',1,15),(65,'31601115',1557794742,'关于大作业分组','所以SOLO是分数会多点么？',1,15),(68,'31601178',1557794802,'关于Ajax的问题','Ajax的优缺点，以及Flash和Ajax两者的对比，在使用中应该如何取舍。',0,14),(87,'31601111',1557797652,'前端跟后端的交互','有时候前端跟后端的交互并不是那么顺利，并且看不太懂原理，是需要掌握后端的知识后会比较方便吗',1,47),(96,'31601131',1557800177,'json','用json传输中文时会乱码，应该怎么解决？',1,73),(97,'31601081',1558342057,'在开发这个论坛的过程中遇到了哪些BUG以及解决方案？','- 重复创建连接池\n- Spring事务注解不起作用\n- Windows下时间显示正常，Linux下时间显示异常\n- 持续更新...',1,155),(98,'31601217',1558358780,'AOP','# AOP 用在什么地方\n## 二级标题',1,50),(100,'31601099',1559002083,'session','http session与spring session有什么区别',1,10),(101,'31601124',1559002294,'BeanFactory','BeanFactory和ApplicationContext有什么区别？',0,20),(102,'31601162',1559002346,'搜索问题','建议做一下搜索框内的Automatic completion和spell checking！',0,8),(103,'31601115',1559002412,'关于点赞收藏功能的实现','如何处理高频的点赞取消点赞收藏取消收藏。',1,8),(104,'31601106',1559002436,'rt','spring如何保证线程安全？',1,7),(105,'31601120',1559002746,'springMVC和struts2的区别有哪些?','springMVC和struts2的区别有哪些?',0,4),(106,'31601123',1559002840,'多线程','Spring如何处理线程并发问题？',1,16),(107,'31601176',1559002849,'bug','赞同回答模块貌似无法正常使用，还是刷新时间设置太长。',0,2),(108,'31601103',1559002870,'bean的destroy-method属性问题','如果在spring中配置bean的destroy-method=\"destroy\"， 当该bean的scope为singleton时，容器关闭时会调用destroy方法，可一但改scope为prototype，容器关闭就不去调用destroy方法了，这是怎么回事？',0,6),(109,'31601116',1559002957,'跨域是用哪种方式解决的','服务端允许跨域，还是设置代理？',0,3),(110,'31601119',1559003009,'json','怎么把后端传来的json数据赋给一个全局变量',0,3),(111,'31601175',1559003085,'spring问题','Bean 工厂和 Application contexts  有什么区别',0,4),(112,'31601098',1559003181,'ApplicationContext问题','ApplicationContext是如何实现的',0,8),(113,'31601101',1559003243,'请求处理方法的返回','String类型的返回值不能携带数据，在方法中如何将数据带入视图页面',0,4),(114,'31601104',1559003303,'程序运行','如何让程序一直运行，这个网站一直可以访问？',0,7),(115,'31601117',1559003572,'在spring框架中如何更有效的使用JDBC','在spring框架中如何更有效的使用JDBC',0,5),(116,'31601121',1559003674,'MVC+三层架构','MVC+三层架构相较于普通MVC模型的优点是什么',0,4),(117,'31602221',1559003739,'问题','运行spring时，出现xxx can not cast to xxx,是为什么',0,9),(118,'31601089',1559004119,'SpringMvc问题','怎么样把ModelMap里面的数据放入Session里面？\n',0,6),(119,'31601178',1559004774,'接口问题','BeanFactory 接口和 ApplicationContext 接口有什么区别 ？',0,5),(120,'31601166',1559004982,'Spring','Spring Bean的作用域之间有什么区别？',0,11),(121,'31501164',1559004998,'ModelMap 和 ModelandView的适用范围','如题',0,10),(122,'31601090',1559005152,'cookies和session问题','cookies和session的区别是什么\n使用时如何选择用哪个，还是两者同时使用',1,12),(123,'31601084',1559005336,'MyBatis','MyBatis注解式和配置式之间的差异',0,19),(124,'31601091',1559005551,'关于springmvc和JSP的问题','在springmvc的框架下去调用jsp，该jsp的css、js内容无法读取，导致出现问题，但是不用mvc,直接读取jsp却可以调用css之类的。',1,29),(125,'31601177',1559006274,'有哪些不同类型的IOC方式','有哪些不同类型的IOC方式',0,21),(126,'31601093',1559006936,'spring MVC ','spring MVC 访问资源如何拦截？如何设置不拦截资源？',0,29),(127,'31601191',1559007533,'框架和前端','如果用springmvc的话，怎么做到前后端分离？',0,22),(128,'31601192',1559007714,'数据交互','	如何实现前后端数据的实时交互',0,16),(129,'31601094',1559007842,'Spring  Bean','Spring Bean的作用域之间有什么区别？',0,20),(130,'31601077',1559008027,'状态码','controller接受数据后，若数据处理出错，该怎么设置返回的状态码，比如返回状态码400',0,24),(131,'31601114',1559008373,'SpringMVC','SpringMVC的控制器是不是单例模式，如果是，有线程安全问题吗，怎么解决',0,25),(132,'31601113',1559008797,'Spring bean','bean不能自动装配简单属性吗',0,22),(133,'31601132',1559011075,'ajax 处理IE5/6的问题','新建的时候新建的XMLHttpRequest与ActiveXObject是否有区别？',0,4),(134,'31601130',1559011510,'springmvc','springmvc 中同时使用jsp和html时会出现找不到html的错误',0,8),(135,'31601105',1559011746,'前端','建议点击一个问题进入详细页再返回时，仍然停留在那个问题而不是需要又从第一个问题开始浏览',0,8),(136,'31605034',1559012400,'实验过程中出现的问题','出现java.lang.IllegalStateException: Cannot forward after response has been committe错误',0,5),(137,'31601083',1559012813,'mybatis的typeAlias别名标签问题','mybatis的typeAlias别名标签在哪里起作用，为什么没有使用这个标签仍然可以使用类名来代替完整的全类名？',0,5),(138,'31601082',1559013448,'vue前端项目怎么样和后端项目整合在一起','vue前端项目怎么样和后端项目整合在一起',0,8),(139,'31601111',1559013874,'前后端交互','前端跟后端的接口不好对接',0,8),(140,'31601076',1559139794,'前端在读取后端数据的过程中速度过慢该如何解决','如题',0,17),(141,'j05050',1577365929,'今天你博学了吗','？',0,15),(142,'31601076',1577366178,'星期几考试','？',0,14),(143,'31601217',1577366274,'今天天气真好','！',1,13),(144,'j05050',1577366335,'ppt打印了吗','？',0,1),(159,'j05050',1577370826,'明天考试','quiz',1,5),(160,'j05050',1577370880,'后天放假','en',0,6),(161,'j05050',1577402515,'大作业','答辩了',0,0);
/*!40000 ALTER TABLE `question` ENABLE KEYS */;
UNLOCK TABLES;

--
-- Dumping data for table `starAnswer`
--

LOCK TABLES `starAnswer` WRITE;
/*!40000 ALTER TABLE `starAnswer` DISABLE KEYS */;
INSERT INTO `starAnswer` VALUES (11,'31601120',1557793749),(14,'31601113',1557793987),(14,'31601115',1557794338),(19,'31601115',1557794796),(19,'31601114',1557795120),(26,'31602402',1557796490),(114,'31601112',1557798469),(115,'J05025',1557803509),(115,'31601217',1557830760),(124,'31601217',1558358137),(115,'31601081',1558935037),(214,'31601217',1577401427);
/*!40000 ALTER TABLE `starAnswer` ENABLE KEYS */;
UNLOCK TABLES;

--
-- Dumping data for table `starQuestion`
--

LOCK TABLES `starQuestion` WRITE;
/*!40000 ALTER TABLE `starQuestion` DISABLE KEYS */;
INSERT INTO `starQuestion` VALUES (35,'J05025',1557756922),(36,'31601190',1557792665),(36,'31601112',1557792824),(37,'31601112',1557793065),(37,'31401366',1557793271),(38,'31601177',1557793289),(38,'31601191',1557793389),(42,'31601120',1557793593),(39,'31401366',1557793608),(43,'31601123',1557793649),(39,'31601114',1557793686),(42,'31601115',1557793700),(43,'31601121',1557793705),(42,'31601113',1557793705),(42,'31601114',1557793709),(39,'31601113',1557793772),(43,'31601124',1557793777),(45,'31501164',1557793866),(45,'31601124',1557793873),(43,'31601120',1557793894),(46,'31601115',1557793901),(45,'31601120',1557793949),(43,'31601119',1557793954),(46,'31601114',1557793957),(45,'31601117',1557794084),(49,'31601115',1557794136),(50,'31601093',1557794211),(50,'31601100',1557794223),(50,'31601094',1557794237),(45,'31601115',1557794333),(53,'31601115',1557794357),(54,'31601091',1557794428),(54,'31601089',1557794445),(55,'31601100',1557794471),(48,'31601190',1557794495),(43,'31601115',1557794519),(60,'31601115',1557794601),(64,'31601115',1557794655),(58,'31601120',1557794656),(63,'31601098',1557794683),(57,'31601115',1557794685),(63,'31601093',1557794696),(63,'31601094',1557794700),(55,'31601098',1557794707),(65,'31601115',1557794745),(66,'31601093',1557794792),(62,'31601083',1557794801),(60,'31601114',1557794837),(48,'31601189',1557794910),(66,'31601094',1557794975),(60,'31601113',1557795128),(70,'31601114',1557795143),(70,'31601115',1557795144),(59,'31601191',1557795221),(74,'31601169',1557795355),(75,'31601170',1557795357),(72,'31601090',1557795689),(78,'31601101',1557795755),(76,'31501164',1557795814),(77,'31601217',1557795960),(36,'31601103',1557796806),(37,'J05025',1557796825),(87,'31601191',1557799128),(93,'31602221',1557799254),(92,'31602221',1557799260),(93,'31605034',1557799701),(92,'31605034',1557799717),(95,'31601217',1557837737),(92,'31601217',1557837792),(90,'31601217',1557837826),(89,'31601217',1557837833),(86,'31601217',1557837882),(71,'31601217',1557838575),(69,'31601217',1557838654),(57,'31601217',1557838773),(53,'31601217',1557838812),(51,'31601217',1557838825),(96,'31601217',1557840040),(36,'31601081',1557841201),(35,'31601081',1558262769),(97,'31601081',1558347268),(98,'31601217',1558921444),(100,'31601100',1559002237),(39,'31601115',1559002303),(103,'31601115',1559002542),(38,'31601176',1559002562),(104,'31601176',1559002724),(106,'31601124',1559002864),(122,'31601090',1559005242),(124,'31601091',1559005558),(159,'31601217',1577401021),(143,'31601217',1577401030);
/*!40000 ALTER TABLE `starQuestion` ENABLE KEYS */;
UNLOCK TABLES;

--
-- Dumping data for table `user`
--

LOCK TABLES `user` WRITE;
/*!40000 ALTER TABLE `user` DISABLE KEYS */;
INSERT INTO `user` VALUES ('31401366',0,'雷震','7f490efe1c5c9bc52f0f02542a60d1ec'),('31501164',0,'马之骋','2ba6d469ce78182033401372ab66e529'),('31601076',0,'徐欣玮','e10adc3949ba59abbe56e057f20f883e'),('31601077',0,'姚欢倪','a7c03a624e59f15b6af7d0aae07a0256'),('31601081',0,'陈胡数','82909dde068c5a5b343545b53ef406ae'),('31601082',0,'陈佳凯','652b72389b588db7c6edef1e6ccf4250'),('31601083',0,'戴锦坤','06b9fc276fe271061afab62230f535a7'),('31601084',0,'丁智宏','2450b80b4e534ec6066e1bbb13fa46bb'),('31601089',0,'金城','e10adc3949ba59abbe56e057f20f883e'),('31601090',0,'李伟辉','a8f8d9c329282c1b3851eef471dbd254'),('31601091',0,'林熙翔','25951e2b965f488a7b07b1ee4910a515'),('31601093',0,'罗清杰','99c01ab499b4aa900631da5df18e9232'),('31601094',0,'宋向华','259841f7356a881f9bb43d48ecce36fb'),('31601096',0,'王绅朴','772911482bd45c3452309b78019f81d4'),('31601097',0,'王永杰','2bfa42043a39615e7b5cf0901c9da598'),('31601098',0,'沃靖杰','95846acd64ec68bcef3482eb3a035b68'),('31601099',0,'谢云剑','e10adc3949ba59abbe56e057f20f883e'),('31601100',0,'严亚键','63e5d66f1da2851adcd056528621ed86'),('31601101',0,'俞海伦','efbf5e63e905ab28ad92966b88cb7868'),('31601103',0,'郭晨昱','5f831257c846f32f5964f44dcad56ea1'),('31601104',0,'黄佳佳','7c9bd2293ad45bc878d0565a133ae366'),('31601105',0,'吕姝蕾','ddbfe91decdb7d2db90a2082163fbc42'),('31601106',0,'吕昱萌','61d2c8a86894552975a1f7b21a1210d2'),('31601111',0,'蔡显杰','36cec97c583fe89df3a14b2ee6224d1e'),('31601112',0,'陈达','e10adc3949ba59abbe56e057f20f883e'),('31601113',0,'陈浩渭','85c7f77cfa7c3d5c37a8f2af41d8bfb1'),('31601114',0,'陈擎炜','0761fe66315c7c1f1e522498996fced3'),('31601115',0,'陈士俊','ac2eaf397f6bc83222de077168f87b4c'),('31601116',0,'程竞泽','66240a1cf34c759637242d4eaed0fd5e'),('31601117',0,'樊楚洋','ad5c161094aa7e93b582bbfa1f5c3a6c'),('31601119',0,'黄自立','e10adc3949ba59abbe56e057f20f883e'),('31601120',0,'梁立','e10adc3949ba59abbe56e057f20f883e'),('31601121',0,'林斌','f9319e4d4a5734092195db72886956e7'),('31601123',0,'陆向阳','8403352e2a38e32e9b8725fce87e42cb'),('31601124',0,'骆嘉诚','336458e4950575845a0a4da561484dd2'),('31601130',0,'谢辰杰','1644c12ad8726f2a45f59461e616ebc6'),('31601131',0,'谢昀都','f06dd01434ac0c7fd1b43644c7a5f606'),('31601132',0,'赵遥逸','e576e3dba9dbee4d347fffc72e339778'),('31601142',0,'陈超毅','3514d35078f41acca5336c9b71c5cdb4'),('31601162',0,'周玉立','206e3eefb3bc707d217410ab11e51927'),('31601163',0,'曹乐乐','90ee2273a5f30eb605ae3ca4eeff4c08'),('31601166',0,'王钟燕','d3d95cd952de78b388020cdd0a4f4c8c'),('31601169',0,'叶铭岩','883e4f7ffc3c8ec3020bda735ba90648'),('31601170',0,'张梦杭','a269a5bc6c7a17c119a733805ac21e6d'),('31601175',0,'付昊昱','2605836d17830710125585db7a9fcaf1'),('31601176',0,'侯戚通','4d4b96a0f320c1e8e40ed3226809e2a1'),('31601177',0,'黄书畅','ed2871d1c25a06184aed0ffe0c70e1e7'),('31601178',0,'姜春阳','4b31397eed4b7aa702ef61dd3a5667c0'),('31601183',0,'潘世根','615b1f4bb2a21137f4acde26dac4bbe3'),('31601184',0,'王鹏翔','ef7a79158f2163230de6db8987b14b83'),('31601188',0,'徐顺凯','d5c925851573ef65f25b66a1e5e999bc'),('31601189',0,'杨帆','67c904b683fa31b07d350e32c8b974cd'),('31601190',0,'杨洋','5e66a31e2863cdb9e0eb9dc72aca6beb'),('31601191',0,'周国栋','61cde867c36155c00b0321e653d018fb'),('31601192',0,'朱珏樟','52838c3d10c9eeed2eff8e0adaa457c6'),('31601217',0,'潘皓','e10adc3949ba59abbe56e057f20f883e'),('31602221',0,'何柯阳','1c8813426726f8e8ad365d9270f4a357'),('31602402',0,'朱兵','1f0b86e31d21b40f0a57e8128fe80da7'),('31605034',0,'顾珍珍','103e4b54d34fa31a02ba52b3e2f1a71a'),('J05025',1,'彭彬','0e167509d1be26a3e5b9785558b224cc'),('J05050',1,'云计算','e10adc3949ba59abbe56e057f20f883e');
/*!40000 ALTER TABLE `user` ENABLE KEYS */;
UNLOCK TABLES;
/*!40103 SET TIME_ZONE=@OLD_TIME_ZONE */;

/*!40101 SET SQL_MODE=@OLD_SQL_MODE */;
/*!40014 SET FOREIGN_KEY_CHECKS=@OLD_FOREIGN_KEY_CHECKS */;
/*!40014 SET UNIQUE_CHECKS=@OLD_UNIQUE_CHECKS */;
/*!40101 SET CHARACTER_SET_CLIENT=@OLD_CHARACTER_SET_CLIENT */;
/*!40101 SET CHARACTER_SET_RESULTS=@OLD_CHARACTER_SET_RESULTS */;
/*!40101 SET COLLATION_CONNECTION=@OLD_COLLATION_CONNECTION */;
/*!40111 SET SQL_NOTES=@OLD_SQL_NOTES */;

-- Dump completed on 2020-01-13 15:34:18
